{"Buffer Size": 10000, "_timestamp": 1683097056.2217445, "_runtime": 2195.838319540024, "_step": 16959}