{"Buffer Size": 10000, "_timestamp": 1683069340.9203005, "_runtime": 5229.7901384830475, "_step": 43604}