{"Buffer Size": 10000, "_timestamp": 1683097055.8984845, "_runtime": 2222.3993315696716, "_step": 17734}