{"Buffer Size": 10000, "_timestamp": 1683069340.635364, "_runtime": 5225.122841119766, "_step": 38994}