{"Loss": 0, "_timestamp": 1683063865.5387886, "_runtime": 4.056580543518066, "_step": 9, "Reward": 16.0, "Average Reward": 23.0, "Epsilon": 0.7940753492934954, "Buffer Size": 46, "_wandb": {"runtime": 2}}